[
    {
        "roomType" : 1,
        "price" : {
            "old":200,
            "new":180
        },
        "bedCount" : [1,2,3],
        "rate": 5,
        "description":"The Junior Suite King features up to 700 sq. ft. of living space with a partition between the king bed and sitting room for privacy. The bathroom is finished with inlaid “earth stone” mosaics and include a luxurious bathtub and separate shower. Among many splendid details are 24-carat gold-plated Sherle Wagner fixtures, as well as hand-crafted solid white marble vanities and wet bar.",
        "image" : {
            "src":"../../assets/img/room-1.jpg",
            "alt":"Junior Suite pix"
        }

    },

    {
        "roomType" : 2,
        "price" : {
            "old":150,
            "new":120
        },
        "bedCount" : [1,2],
        "rate": 5,
        "description":"The quintessential one-bedroom suite experience at The Plaza. This stately and expansive suite offers a full bedroom with a king size bed, large master bath, and a spacious living room with powder room.",
        "image" : {
            "src":"../../assets/img/room-2.jpg",
            "alt":"New Suite pix"
        }

    },

    {
        "roomType" : 3,
        "price" : {
            "old":300,
            "new":260
        },
        "bedCount" : [2,3],
        "rate": 5,
        "description":"Family Grand Luxe Two Queens features an open-concept room that provides a comfortable sitting area, two Queen beds, and Butler’s pantry. The bathrooms reflect The Plaza’s classically elegant style with inlaid “earth stone” mosaics, a luxurious bathtub, and a separate, oversize shower. Details include 24-carat gold-plated Sherle Wagner fixtures, as well as solid white marble vanities and wet bar.",
        "image" : {
            "src":"../../assets/img/room-3.jpg",
            "alt":"Family Suite pix"
        }
    },

    {
        "roomType" : 4,
        "price" : {
            "old":1000,
            "new":800
        },
        "bedCount" : [2],
        "rate": 5,
        "description":"The Presidential Suite is distinguished by natural daylight that floods the expansive interiors. A delicate colour scheme, rich textiles and customized carpets combine to form a sophisticated environment reflecting Milanese style with subtle Oriental influences. This suite also features a kitchen, guest bathroom and steam room. The suite has wooden floors and black oak wardrobes, resulting in this space being one of the most beautiful suites in the city.",
        "image" : {
            "src":"../../assets/img/room-4.jpg",
            "alt":"Presidential Suite pixc"
        }
    },

    {
        "roomType" : 5,
        "price" : {
            "old":150,
            "new":80
        },
        "bedCount" : [1,2,3,4],
        "rate": 5,
        "description":"Classic Rooms are standard room suited for all your needs while staying in a hotel. We offer 1, 2, 3 and 4-bed rooms.",
        "image" : {
            "src":"../../assets/img/room-5.jpg",
            "alt":"Classic Rooms pic"
        }
    }
]