[
    {
        "serviceId":1,
        "serviceName":"Rooms & Apartment",
        "serviceDesc" : "We offer staying at best rooms and apartments.",
        "serviceImg":"fa fa-hotel fa-2x"
    },

    {
        "serviceId":2,
        "serviceName":"Food & Restaurant",
        "serviceDesc" : "We offer 5 restaurants with top chefs and exclusive menu offer.",
        "serviceImg":"fa fa-utensils fa-2x"
    },

    {
        "serviceId":3,
        "serviceName":"Spa & Fitness",
        "serviceDesc" : "Provide yourself a relaxing day in a spa, or an active day in our gym.",
        "serviceImg":"fa fa-spa fa-2x"
    },

    {
        "serviceId":4,
        "serviceName":"Sports & Gaming",
        "serviceDesc" : "We have tennis, footbal and volleybal fields, as well as gaming room.",
        "serviceImg":"fa fa-swimmer fa-2x"
    },

    {
        "serviceId":5,
        "serviceName":"Event & Party",
        "serviceDesc" : "Hold your event at our hotel and create unforgetable memories.",
        "serviceImg":"fa fa-glass-cheers fa-2x"
    },

    {
        "serviceId":6,
        "serviceName":"Gym & Yoga",
        "serviceDesc" : "Our gym offers a wide variety of group trainings such as TBW, A&G and yoga.",
        "serviceImg":"fa fa-dumbbell fa-2x"
    }
]