[
    {
        "testimonialId":1,
        "clientName":"Michael Jansen",
        "testimonialText" : "The hotel exceeded my expectations in every way! The staff was incredibly attentive, the rooms were clean and spacious, and the amenities were top-notch. The location was perfect, with easy access to attractions. I highly recommend this hotel for a memorable and enjoyable stay.",
        "clientImg":"../../../assets/img/testimonial-2.jpg"
    },

    {
        "testimonialId":2,
        "clientName":"Thomas Van Essen",
        "testimonialText" : "This hotel is a hidden gem! From the moment I walked in, I was greeted with warmth and professionalism. The room was beautifully appointed, and the bed was incredibly comfortable. The breakfast buffet offered a wide variety of delicious options. I can't wait to return to this fantastic hotel.",
        "clientImg":"../../../assets/img/testimonial-3.jpg"
    },

    {
        "testimonialId":3,
        "clientName":"Anne Woelen",
        "testimonialText" : "I had an amazing experience at this hotel. The decor was stunning, creating a luxurious atmosphere. The staff was friendly and went above and beyond to ensure my comfort. The food at the hotel restaurant was delicious, and the spa services were a perfect way to relax. I'll definitely be back!",
        "clientImg":"../../../assets/img/testimonial-1.jpg"
    },

    {
        "testimonialId":4,
        "clientName":"Yvone Laminier",
        "testimonialText" : "I absolutely loved my stay at this hotel! The attention to detail was remarkable, from the personalized welcome note to the luxurious bathroom amenities. The staff was courteous and helpful, making me feel like a valued guest. The location was ideal, with stunning views from my room. Highly recommended!",
        "clientImg":"../../../assets/img/testimonial-4.jpg"
    }
]